Clave,Tipo,R/D,B/D,D,h,Angulo,v1,v2,v3,v4,v5,v6,v7,v8,v9,v10,v11,v12,v13,v14,v15,v16,v17,v18,v19,v20,v21,v22,v23,v24,v25,v26,v27,v28,v29,v30,v31,v32,v33,v34,v35,v36,v37,v38,v39,v40,v41,v42,v43,v44,v45,v46,v47,v48,v49,v50,v51,v52,v53,v54,v55,v56,v57,v58,v59,v60,v61,v62,v63,v64,v65,v66,v67,v68,v69,v70,v71,v72,v73,v74,v75,v76,v77,v78,v79,v80,v81,v82,v83,v84,v85,v86,v87,v88,v89,v90,v91,v92,v93,v94,v95,v96,v97,v98,v99,v100,v101,v102,v103,v104,v105,v106,v107,v108,v109,v110,v111,v112,v113,v114,v115,v116,v117,v118,v119,v120,v121,v122,v123,v124,v125,v126,v127,v128,v129,v130,v131,v132,v133,v134,v135,v136,v137,v138,v139,v140,v141,v142,v143,v144,v145,v146,v147,v148,v149,v150,v151,v152,v153,v154,v155,v156,v157,v158,v159,v160,v161,v162,v163,v164,v165,v166,v167,v168,v169,v170,v171,v172,v173,v174,v175,v176,v177,v178,v179,v180,v181,v182,v183,v184,v185,v186,v187,v188,v189,v190,v191,v192,v193,v194,v195,v196,v197,v198,v199,v200,v201,v202,v203,v204,v205,v206,v207,v208,v209,v210,v211,v212,v213,v214,v215,v216,v217,v218,v219,v220,v221,v222,v223,v224,v225,v226,v227,v228,v229,v230,v231,v232,v233,v234,v235,v236,v237,v238,v239,v240,v241,v242,v243,v244,v245,v246,v247,v248,v249,v250,v251,v252,v253,v254,v255,v256,v257,v258,v259,v260,v261,v262,v263,v264,v265,v266,v267,v268,v269,v270,v271,v272,v273,v274,v275,v276,v277,v278,v279,v280,v281,v282,v283,v284,v285,v286,v287,v288,v289,v290,v291,v292,v293,v294,v295,v296,v297,v298,v299,v300,v301,v302,v303,v304,v305,v306,v307,v308,v309,v310,v311,v312,v313,v314,v315
G_9,LHS,0.47,2.8,34.1,23.9,5,0.7708,0.7442,0.6122,0.3871,0.0913,-0.2379,-0.5613,-0.8347,-1.0111,-1.045,-0.9184,-0.7017,-0.5616,-0.495,-0.457,-0.4351,-0.4272,-0.4284,-0.4286,-0.4163,-0.3947,0.8064,0.7325,0.5577,0.2848,-0.064,-0.453,-0.8396,-1.1735,-1.4165,-1.5245,-1.474,-1.2741,-0.9664,-0.6465,-0.4816,-0.4324,-0.4164,-0.4189,-0.4271,-0.4238,-0.4048,0.795,0.7038,0.5049,0.2031,-0.1779,-0.6005,-1.0232,-1.3934,-1.6706,-1.8145,-1.8055,-1.6356,-1.3446,-0.9901,-0.668,-0.4805,-0.4314,-0.4311,-0.4333,-0.4162,-0.3978,0.7834,0.68,0.4638,0.1412,-0.2659,-0.709,-1.1556,-1.551,-1.8457,-2.0107,-2.0174,-1.8624,-1.5703,-1.2042,-0.8399,-0.5671,-0.4393,-0.4181,-0.4234,-0.3725,-0.3569,0.7747,0.6627,0.4332,0.0955,-0.3249,-0.7894,-1.251,-1.6565,-1.9658,-2.1378,-2.144,-1.9816,-1.6698,-1.261,-0.8347,-0.5154,-0.4205,-0.4051,-0.4036,-0.3933,-0.3842,0.7719,0.6516,0.4125,0.0639,-0.3682,-0.8436,-1.3153,-1.7295,-2.0453,-2.2167,-2.2188,-2.0409,-1.7021,-1.2514,-0.7763,-0.4767,-0.405,-0.3908,-0.394,-0.4035,-0.4083,0.7729,0.6478,0.402,0.0455,-0.3952,-0.8788,-1.3575,-1.7797,-2.0965,-2.2696,-2.2684,-2.0811,-1.7265,-1.2551,-0.7621,-0.4743,-0.4091,-0.396,-0.3991,-0.411,-0.4211,0.7768,0.6515,0.4017,0.0395,-0.4072,-0.8972,-1.3814,-1.8089,-2.1311,-2.3074,-2.3075,-2.1194,-1.7641,-1.2885,-0.7886,-0.4902,-0.4211,-0.4072,-0.4097,-0.4219,-0.4347,0.7883,0.6626,0.4108,0.0456,-0.4049,-0.8995,-1.389,-1.8219,-2.1491,-2.332,-2.3392,-2.1603,-1.8069,-1.3361,-0.8338,-0.5132,-0.436,-0.4204,-0.422,-0.4344,-0.4498,0.8045,0.681,0.4301,0.0646,-0.3873,-0.8842,-1.3771,-1.8138,-2.1499,-2.3417,-2.3604,-2.1945,-1.8595,-1.4006,-0.9008,-0.5464,-0.4521,-0.4327,-0.4335,-0.4462,-0.4642,0.824,0.7066,0.4601,0.0974,-0.352,-0.8472,-1.3382,-1.7813,-2.123,-2.3246,-2.3588,-2.2127,-1.9026,-1.47,-0.9897,-0.5978,-0.4729,-0.446,-0.4441,-0.4553,-0.4747,0.8509,0.7398,0.5015,0.1469,-0.2945,-0.7817,-1.2739,-1.7114,-2.0553,-2.2643,-2.312,-2.1893,-1.9096,-1.5199,-1.0883,-0.706,-0.5115,-0.4602,-0.4521,-0.4625,-0.4833,0.8785,0.7815,0.5574,0.2175,-0.2072,-0.6816,-1.1566,-1.5876,-1.9275,-2.1386,-2.192,-2.0788,-1.8194,-1.4658,-1.0949,-0.8117,-0.6898,-0.6922,-0.6534,-0.5464,-0.523,0.9037,0.8318,0.6336,0.3203,-0.0772,-0.523,-0.9765,-1.3813,-1.7108,-1.9169,-1.9643,-1.8458,-1.5781,-1.2069,-0.8506,-0.6937,-0.6985,-0.7682,-0.7643,-0.6738,-0.6105,0.8434,0.8316,0.693,0.4445,0.1131,-0.2677,-0.6608,-1.0299,-1.3341,-1.5319,-1.5848,-1.4624,-1.1559,-0.7904,-0.6771,-0.6408,-0.6258,-0.6307,-0.6242,-0.5977,-0.5752
G_17,LHS,0.1,1.1,42.6,23.8,55,-0.5979,-0.369,-0.3345,-0.3289,-0.3371,-0.3461,-0.3655,-0.3769,-0.392,-0.4092,-0.4178,-0.4255,-0.4333,-0.4416,-0.4556,-0.4602,-0.461,-0.463,-0.4609,-0.4645,-0.4854,-0.6849,-0.4203,-0.3775,-0.371,-0.3786,-0.3929,-0.4103,-0.4285,-0.4473,-0.465,-0.4814,-0.4959,-0.509,-0.5204,-0.5299,-0.5364,-0.5404,-0.5403,-0.5363,-0.5245,-0.4852,-0.7215,-0.4387,-0.3946,-0.3884,-0.3971,-0.413,-0.4323,-0.4531,-0.4742,-0.4947,-0.514,-0.5318,-0.5471,-0.5602,-0.5702,-0.5766,-0.5799,-0.5778,-0.5683,-0.5443,-0.4795,-0.7434,-0.4466,-0.4027,-0.3976,-0.4077,-0.4254,-0.4463,-0.4692,-0.4926,-0.5157,-0.5371,-0.5567,-0.5734,-0.5872,-0.5977,-0.6046,-0.6068,-0.6032,-0.5907,-0.5624,-0.4932,-0.7563,-0.4491,-0.4054,-0.4018,-0.4137,-0.4326,-0.4556,-0.4806,-0.506,-0.531,-0.5545,-0.575,-0.5929,-0.6075,-0.6182,-0.6254,-0.6277,-0.6239,-0.6109,-0.5822,-0.5119,-0.7617,-0.4474,-0.4045,-0.4025,-0.4159,-0.437,-0.4617,-0.4889,-0.5165,-0.5434,-0.5679,-0.5897,-0.6084,-0.6233,-0.6346,-0.6421,-0.6453,-0.6423,-0.6304,-0.6032,-0.5346,-0.7627,-0.4428,-0.4007,-0.4004,-0.4157,-0.4388,-0.4659,-0.4952,-0.5253,-0.5538,-0.5789,-0.6012,-0.6203,-0.6359,-0.648,-0.6566,-0.6607,-0.6589,-0.6486,-0.6243,-0.5601,-0.7573,-0.4353,-0.3947,-0.3962,-0.4137,-0.439,-0.4689,-0.5014,-0.5335,-0.5628,-0.5889,-0.6116,-0.631,-0.6473,-0.6604,-0.6698,-0.6746,-0.6732,-0.6643,-0.6442,-0.5849,-0.7521,-0.4254,-0.3868,-0.3908,-0.4108,-0.4394,-0.4735,-0.5091,-0.5424,-0.5721,-0.5988,-0.6224,-0.6424,-0.6598,-0.6737,-0.6832,-0.6866,-0.6835,-0.676,-0.6635,-0.6125,-0.7407,-0.4134,-0.3776,-0.3849,-0.4088,-0.4431,-0.4821,-0.519,-0.5534,-0.5845,-0.6121,-0.6366,-0.6584,-0.6769,-0.6907,-0.6978,-0.696,-0.6885,-0.6837,-0.6841,-0.6388,-0.7256,-0.3996,-0.3684,-0.3806,-0.4124,-0.4547,-0.4968,-0.5362,-0.5725,-0.6054,-0.6349,-0.6623,-0.6855,-0.7051,-0.7157,-0.7147,-0.7021,-0.6876,-0.6891,-0.7113,-0.6948,-0.7065,-0.385,-0.3614,-0.3848,-0.4311,-0.4794,-0.5265,-0.5704,-0.6103,-0.647,-0.6804,-0.7105,-0.7359,-0.7534,-0.7541,-0.7351,-0.706,-0.6828,-0.6931,-0.7266,-0.7738,-0.6833,-0.3727,-0.3675,-0.4189,-0.4787,-0.5388,-0.5956,-0.6478,-0.6953,-0.7398,-0.7791,-0.8132,-0.8359,-0.8365,-0.8064,-0.7614,-0.7172,-0.7019,-0.6928,-0.6944,-0.7556,-0.6586,-0.3798,-0.4372,-0.5245,-0.6135,-0.6969,-0.7744,-0.8501,-0.9171,-0.9697,-1.0173,-1.0351,-1.0105,-0.9426,-0.8589,-0.8028,-0.7693,-0.7546,-0.7296,-0.7041,-0.7529,-0.6753,-0.658,-0.8285,-0.9913,-1.1326,-1.2673,-1.3881,-1.4627,-1.5585,-1.558,-1.4883,-1.3444,-1.1146,-0.9851,-0.9177,-0.8649,-0.8121,-0.8122,-0.7615,-0.7602,-0.7574
G_43,LHS,0.12,2.8,68.2,5.6,80,-0.1407,-0.1436,-0.152,-0.1604,-0.1654,-0.1679,-0.1696,-0.1737,-0.1804,-0.189,-0.1978,-0.2051,-0.2123,-0.2186,-0.2235,-0.2266,-0.2253,-0.2199,-0.2117,-0.2015,-0.1924,-0.1132,-0.1148,-0.1209,-0.1278,-0.1353,-0.1423,-0.1491,-0.1556,-0.1617,-0.1672,-0.1719,-0.1754,-0.1778,-0.1787,-0.1779,-0.1758,-0.1719,-0.1664,-0.1595,-0.1513,-0.1425,-0.0985,-0.0995,-0.1051,-0.1119,-0.1195,-0.1267,-0.1338,-0.1406,-0.1462,-0.1515,-0.1553,-0.1582,-0.1595,-0.1597,-0.1585,-0.1559,-0.1523,-0.1471,-0.141,-0.1339,-0.1262,-0.0903,-0.091,-0.0964,-0.1032,-0.1103,-0.1178,-0.1248,-0.1316,-0.1375,-0.1423,-0.1463,-0.1488,-0.1502,-0.1504,-0.1493,-0.1469,-0.1434,-0.1389,-0.1333,-0.1266,-0.1197,-0.0858,-0.0864,-0.0916,-0.0983,-0.1054,-0.1126,-0.1201,-0.1268,-0.1326,-0.1376,-0.1414,-0.1441,-0.1457,-0.1458,-0.145,-0.1429,-0.1396,-0.1353,-0.1299,-0.1236,-0.1172,-0.0837,-0.0844,-0.0895,-0.0961,-0.1031,-0.1106,-0.118,-0.1249,-0.1308,-0.1358,-0.1397,-0.1423,-0.1441,-0.1444,-0.144,-0.1418,-0.1389,-0.1346,-0.1295,-0.1234,-0.1169,-0.0838,-0.0842,-0.0893,-0.0958,-0.1034,-0.1111,-0.1186,-0.1253,-0.1313,-0.1365,-0.1405,-0.1435,-0.1451,-0.1458,-0.1452,-0.1433,-0.1404,-0.1363,-0.1311,-0.125,-0.1187,-0.0853,-0.0858,-0.091,-0.0979,-0.1057,-0.1136,-0.1213,-0.1281,-0.1345,-0.1396,-0.1438,-0.1468,-0.1488,-0.1496,-0.149,-0.1473,-0.1443,-0.1402,-0.1348,-0.1286,-0.1219,-0.0889,-0.0895,-0.095,-0.1024,-0.1105,-0.1187,-0.1268,-0.134,-0.1404,-0.1459,-0.1503,-0.1537,-0.1559,-0.1568,-0.1564,-0.1546,-0.1514,-0.147,-0.1414,-0.1348,-0.1272,-0.0948,-0.0957,-0.1018,-0.1101,-0.119,-0.1277,-0.1362,-0.144,-0.151,-0.1572,-0.1621,-0.166,-0.1685,-0.1696,-0.1693,-0.1675,-0.1641,-0.1592,-0.1531,-0.1458,-0.1372,-0.1035,-0.1055,-0.113,-0.1227,-0.1326,-0.1425,-0.1521,-0.1611,-0.1693,-0.1767,-0.1829,-0.1878,-0.1914,-0.1932,-0.1935,-0.1918,-0.1881,-0.1828,-0.1759,-0.1679,-0.158,-0.1179,-0.1217,-0.132,-0.1436,-0.1558,-0.168,-0.18,-0.1918,-0.2028,-0.2129,-0.2218,-0.2295,-0.2357,-0.2401,-0.2424,-0.2422,-0.2395,-0.2342,-0.2271,-0.2183,-0.2067,-0.1407,-0.1513,-0.1669,-0.1835,-0.2007,-0.2182,-0.2357,-0.253,-0.2701,-0.2866,-0.3024,-0.3176,-0.3319,-0.3443,-0.3537,-0.3596,-0.3619,-0.3602,-0.3548,-0.3461,-0.3327,-0.1976,-0.2315,-0.2626,-0.2932,-0.3244,-0.3549,-0.3864,-0.4184,-0.4507,-0.4844,-0.5187,-0.5542,-0.5873,-0.6135,-0.6324,-0.6428,-0.6445,-0.6402,-0.6331,-0.6241,-0.6145,-0.7341,-0.7776,-0.8595,-0.9319,-0.9911,-1.0333,-1.0738,-1.1091,-1.1352,-1.1342,-1.1208,-1.0983,-1.0723,-1.0399,-1.0066,-0.9715,-0.943,-0.9061,-0.8651,-0.8524,-0.8421
G_52,LHS,0.14,1.1,12.9,8.1,55,-0.4448,-0.2785,-0.28,-0.3011,-0.3316,-0.3573,-0.3676,-0.3956,-0.4242,-0.4447,-0.4657,-0.4761,-0.4864,-0.4939,-0.5035,-0.5155,-0.5265,-0.5359,-0.5428,-0.5607,-0.6477,-0.4693,-0.2988,-0.3005,-0.3263,-0.3596,-0.3947,-0.4295,-0.4641,-0.4971,-0.5273,-0.5535,-0.5751,-0.5925,-0.6066,-0.6177,-0.6262,-0.6324,-0.6367,-0.6414,-0.6542,-0.7253,-0.4874,-0.3022,-0.3059,-0.3349,-0.3725,-0.4133,-0.4546,-0.4947,-0.5331,-0.5678,-0.5983,-0.6239,-0.6447,-0.6608,-0.672,-0.6789,-0.6816,-0.6802,-0.6745,-0.663,-0.6466,-0.4937,-0.3019,-0.3074,-0.3397,-0.3806,-0.4248,-0.4701,-0.5136,-0.5556,-0.5933,-0.627,-0.6547,-0.6768,-0.693,-0.7033,-0.7081,-0.7072,-0.6993,-0.6829,-0.6522,-0.5895,-0.5076,-0.2993,-0.3062,-0.3405,-0.3841,-0.4314,-0.4792,-0.5267,-0.5713,-0.611,-0.6463,-0.6752,-0.6971,-0.7126,-0.7218,-0.7239,-0.719,-0.7063,-0.6836,-0.6455,-0.5701,-0.505,-0.294,-0.302,-0.339,-0.3851,-0.4347,-0.4858,-0.5353,-0.5813,-0.6232,-0.6591,-0.6878,-0.7094,-0.7237,-0.7304,-0.7302,-0.7215,-0.7062,-0.6824,-0.6473,-0.5777,-0.5042,-0.287,-0.2973,-0.3359,-0.3839,-0.436,-0.4887,-0.5407,-0.589,-0.6312,-0.6676,-0.6959,-0.7162,-0.7284,-0.7323,-0.7285,-0.7171,-0.6998,-0.679,-0.6528,-0.5902,-0.4998,-0.2777,-0.2898,-0.3303,-0.3815,-0.4356,-0.4915,-0.545,-0.5943,-0.6372,-0.6731,-0.7006,-0.719,-0.7288,-0.7295,-0.721,-0.7053,-0.6863,-0.6712,-0.6596,-0.6148,-0.4919,-0.2666,-0.2808,-0.3239,-0.3776,-0.4352,-0.4935,-0.549,-0.5991,-0.6425,-0.6776,-0.7035,-0.7205,-0.7274,-0.7238,-0.7094,-0.6868,-0.6646,-0.6542,-0.6628,-0.6666,-0.4759,-0.2535,-0.2707,-0.3173,-0.3746,-0.4362,-0.4975,-0.555,-0.6054,-0.6486,-0.6832,-0.708,-0.7237,-0.7278,-0.7189,-0.697,-0.6671,-0.6409,-0.6331,-0.6427,-0.7031,-0.4574,-0.2388,-0.2601,-0.3118,-0.3749,-0.4419,-0.506,-0.5646,-0.6156,-0.6595,-0.6946,-0.7197,-0.7338,-0.7347,-0.7196,-0.6901,-0.6574,-0.6353,-0.633,-0.642,-0.7022,-0.4343,-0.2232,-0.2517,-0.313,-0.3849,-0.4563,-0.5236,-0.5842,-0.6377,-0.684,-0.7198,-0.745,-0.7582,-0.755,-0.7314,-0.698,-0.6678,-0.6569,-0.6497,-0.6588,-0.713,-0.4078,-0.2103,-0.2558,-0.3318,-0.4132,-0.4915,-0.5639,-0.6306,-0.691,-0.7413,-0.7786,-0.8048,-0.8162,-0.7996,-0.7627,-0.7256,-0.7051,-0.6893,-0.67,-0.6718,-0.7276,-0.3807,-0.218,-0.2978,-0.3934,-0.4934,-0.5823,-0.6673,-0.7537,-0.8298,-0.8888,-0.9323,-0.9541,-0.9259,-0.8558,-0.809,-0.7767,-0.753,-0.7312,-0.702,-0.6881,-0.7447,-0.3978,-0.3743,-0.5175,-0.6666,-0.8123,-0.9338,-1.0608,-1.1873,-1.272,-1.3519,-1.281,-1.1216,-0.967,-0.9135,-0.8086,-0.798,-0.7706,-0.7664,-0.7342,-0.7292,-0.7875
G_69,LHS,0.48,2.6,10.3,23.5,80,-0.1083,-0.1063,-0.1151,-0.1194,-0.129,-0.1491,-0.1718,-0.1875,-0.2057,-0.2284,-0.2389,-0.2511,-0.2555,-0.2575,-0.2725,-0.2887,-0.291,-0.2932,-0.294,-0.3014,-0.3117,-0.1029,-0.104,-0.1121,-0.1253,-0.1434,-0.1675,-0.1947,-0.2231,-0.2512,-0.2775,-0.3005,-0.3197,-0.3349,-0.3464,-0.3549,-0.3609,-0.3631,-0.3654,-0.3674,-0.3699,-0.3714,-0.0923,-0.0956,-0.1062,-0.1234,-0.1461,-0.1739,-0.2033,-0.236,-0.2683,-0.2989,-0.3259,-0.349,-0.3676,-0.3806,-0.3897,-0.3937,-0.3941,-0.3943,-0.3949,-0.3962,-0.3958,-0.0852,-0.0899,-0.1025,-0.1223,-0.1477,-0.178,-0.2116,-0.2475,-0.281,-0.315,-0.3444,-0.3678,-0.3876,-0.4011,-0.4077,-0.4112,-0.4116,-0.4118,-0.4133,-0.4139,-0.4154,-0.0817,-0.0867,-0.1012,-0.1228,-0.1501,-0.1822,-0.2177,-0.255,-0.2917,-0.3266,-0.3568,-0.3826,-0.4027,-0.4166,-0.4243,-0.4277,-0.4283,-0.4288,-0.4297,-0.4311,-0.4336,-0.0816,-0.0873,-0.1024,-0.1252,-0.1541,-0.1877,-0.2234,-0.2627,-0.3013,-0.3369,-0.3686,-0.3962,-0.4169,-0.4306,-0.4376,-0.4405,-0.4419,-0.4456,-0.4461,-0.4488,-0.4522,-0.0845,-0.0911,-0.1068,-0.1303,-0.1602,-0.1948,-0.233,-0.2726,-0.3119,-0.3489,-0.3828,-0.41,-0.4303,-0.4435,-0.4505,-0.4544,-0.4577,-0.4611,-0.4649,-0.4685,-0.4717,-0.0916,-0.0996,-0.1152,-0.1389,-0.1693,-0.2047,-0.2437,-0.2842,-0.3245,-0.3625,-0.3962,-0.424,-0.4441,-0.4568,-0.4643,-0.4699,-0.4757,-0.4813,-0.4859,-0.4893,-0.4919,-0.1034,-0.1118,-0.128,-0.1518,-0.1826,-0.2185,-0.258,-0.2991,-0.3401,-0.3788,-0.4131,-0.4406,-0.4599,-0.4724,-0.4814,-0.4897,-0.4975,-0.504,-0.5083,-0.5106,-0.5117,-0.1235,-0.1316,-0.1477,-0.1708,-0.2013,-0.2375,-0.2779,-0.3199,-0.3621,-0.4014,-0.4353,-0.4617,-0.48,-0.4929,-0.5039,-0.5142,-0.5231,-0.5289,-0.5314,-0.5319,-0.5305,-0.1585,-0.165,-0.1794,-0.2016,-0.2314,-0.2676,-0.3082,-0.3514,-0.3945,-0.4344,-0.4688,-0.4926,-0.5087,-0.5212,-0.5337,-0.5443,-0.5517,-0.5545,-0.5546,-0.5529,-0.5484,-0.222,-0.2235,-0.2334,-0.2524,-0.2795,-0.3166,-0.358,-0.4022,-0.4467,-0.4877,-0.5194,-0.5381,-0.5509,-0.5622,-0.5712,-0.5779,-0.5798,-0.5786,-0.5761,-0.5727,-0.5658,-0.3215,-0.32,-0.3274,-0.3433,-0.3704,-0.4063,-0.4446,-0.488,-0.533,-0.5703,-0.5901,-0.5995,-0.6079,-0.613,-0.6139,-0.611,-0.6054,-0.6001,-0.5962,-0.5921,-0.5833,-0.4378,-0.4537,-0.4706,-0.5006,-0.5321,-0.5647,-0.6023,-0.6416,-0.6699,-0.6733,-0.6634,-0.6577,-0.6516,-0.648,-0.6333,-0.6262,-0.6193,-0.6151,-0.612,-0.6094,-0.6002,-0.7797,-0.8299,-0.882,-0.8543,-0.9353,-0.9105,-0.9579,-0.9206,-0.9542,-0.7685,-0.7883,-0.8519,-0.7349,-0.7156,-0.6996,-0.6682,-0.6336,-0.6613,-0.6409,-0.6389,-0.6292
G_77,LHS,0.4,1.3,40.0,10.2,20,0.3604,0.4037,0.3452,0.2015,-0.0039,-0.2391,-0.476,-0.6853,-0.8316,-0.8827,-0.8594,-0.8322,-0.7915,-0.7283,-0.6667,-0.6172,-0.5827,-0.5524,-0.5193,-0.4917,-0.4803,0.4899,0.5138,0.4324,0.255,0.004,-0.2873,-0.589,-0.8653,-1.0838,-1.2217,-1.2616,-1.2069,-1.0773,-0.9085,-0.7534,-0.6464,-0.5872,-0.565,-0.5569,-0.5504,-0.5408,0.5457,0.5572,0.4618,0.2624,-0.0132,-0.336,-0.6716,-0.9865,-1.2473,-1.4252,-1.5042,-1.4767,-1.3565,-1.1689,-0.9534,-0.7569,-0.6305,-0.585,-0.5718,-0.5724,-0.5676,0.5826,0.5842,0.4772,0.2648,-0.0292,-0.3736,-0.7329,-1.0757,-1.3609,-1.5663,-1.6694,-1.6652,-1.5585,-1.3735,-1.1484,-0.9205,-0.73,-0.6041,-0.5502,-0.5458,-0.5722,0.6115,0.6045,0.4889,0.2667,-0.0396,-0.3992,-0.7771,-1.1333,-1.4398,-1.6634,-1.7849,-1.7929,-1.6974,-1.5182,-1.2895,-1.049,-0.8318,-0.6629,-0.5519,-0.4922,-0.4789,0.6371,0.623,0.5008,0.2709,-0.0442,-0.4138,-0.801,-1.1719,-1.4906,-1.7263,-1.8596,-1.8782,-1.7882,-1.6111,-1.3792,-1.131,-0.9003,-0.7135,-0.5843,-0.5137,-0.5121,0.6616,0.6417,0.5147,0.2802,-0.0407,-0.4164,-0.8122,-1.1907,-1.5167,-1.7614,-1.9015,-1.9239,-1.8367,-1.6597,-1.4254,-1.1711,-0.9345,-0.7435,-0.6156,-0.5566,-0.603,0.6868,0.6624,0.5321,0.2952,-0.0292,-0.4083,-0.8077,-1.1908,-1.5214,-1.7698,-1.9112,-1.9374,-1.8501,-1.6716,-1.4328,-1.1758,-0.9379,-0.751,-0.6339,-0.5914,-0.6214,0.7139,0.6862,0.5547,0.3169,-0.0073,-0.3885,-0.7876,-1.1726,-1.5057,-1.755,-1.8968,-1.921,-1.8305,-1.6482,-1.4072,-1.1496,-0.9151,-0.7384,-0.636,-0.5967,-0.5809,0.7442,0.7151,0.5835,0.3472,0.0242,-0.3553,-0.7561,-1.1372,-1.4689,-1.7175,-1.8566,-1.8789,-1.786,-1.5978,-1.3541,-1.098,-0.8722,-0.7109,-0.6182,-0.5624,-0.5598,0.779,0.7505,0.6205,0.3875,0.0674,-0.3067,-0.7029,-1.0841,-1.4115,-1.6566,-1.7963,-1.8147,-1.7165,-1.5242,-1.2779,-1.027,-0.8157,-0.6702,-0.5673,-0.5345,-0.5423,0.8194,0.7953,0.6681,0.4411,0.1296,-0.2401,-0.629,-1.0031,-1.3295,-1.5744,-1.7126,-1.7288,-1.6271,-1.4302,-1.183,-0.9418,-0.7475,-0.5977,-0.5187,-0.5257,-0.5302,0.8659,0.8531,0.7339,0.5149,0.212,-0.1465,-0.5265,-0.8958,-1.2188,-1.4634,-1.6069,-1.6284,-1.5261,-1.3234,-1.0693,-0.833,-0.6443,-0.5239,-0.5239,-0.528,-0.5292,0.9159,0.927,0.8247,0.6231,0.3378,-0.0053,-0.3741,-0.7367,-1.061,-1.3178,-1.4796,-1.5255,-1.4396,-1.2201,-0.911,-0.679,-0.5502,-0.5343,-0.5382,-0.5348,-0.5356,0.9086,0.9425,0.8896,0.7454,0.5199,0.2264,-0.1103,-0.4642,-0.8063,-1.1113,-1.3634,-1.5433,-1.6166,-1.4635,-0.86,-0.5687,-0.5499,-0.5547,-0.551,-0.5379,-0.5429
G_78,LHS,0.17,1.5,90.5,21.5,5,-0.1968,-0.0997,-0.2324,-0.3681,-0.4931,-0.6036,-0.6976,-0.7736,-0.8299,-0.8647,-0.8767,-0.8647,-0.8284,-0.7713,-0.7006,-0.6226,-0.5336,-0.4354,-0.3326,-0.2497,-0.214,-0.2182,-0.0852,-0.2224,-0.3774,-0.5306,-0.6713,-0.7955,-0.8994,-0.9789,-1.0317,-1.057,-1.0532,-1.0191,-0.9561,-0.8679,-0.7596,-0.6382,-0.5121,-0.3907,-0.2828,-0.1779,-0.3016,-0.1083,-0.2497,-0.415,-0.5794,-0.7334,-0.8708,-0.9859,-1.0766,-1.1377,-1.1692,-1.168,-1.1344,-1.0697,-0.9763,-0.8598,-0.7258,-0.5822,-0.4358,-0.2907,-0.1431,-0.317,-0.1301,-0.2734,-0.445,-0.6169,-0.7791,-0.9235,-1.0465,-1.1434,-1.2105,-1.2448,-1.2454,-1.2113,-1.1443,-1.0457,-0.9201,-0.774,-0.6128,-0.4456,-0.28,-0.1343,-0.358,-0.1462,-0.2909,-0.4665,-0.6434,-0.8104,-0.9607,-1.0886,-1.1896,-1.26,-1.2961,-1.2974,-1.2628,-1.1917,-1.0885,-0.9541,-0.7938,-0.6136,-0.4173,-0.2174,-0.0743,-0.409,-0.1552,-0.3014,-0.4798,-0.6602,-0.8308,-0.9847,-1.116,-1.2199,-1.2924,-1.3309,-1.3324,-1.2973,-1.2249,-1.1168,-0.9755,-0.8042,-0.606,-0.3809,-0.149,-0.0178,-0.3552,-0.1562,-0.3044,-0.4851,-0.6684,-0.8414,-0.9977,-1.1312,-1.2372,-1.3119,-1.3518,-1.3544,-1.3199,-1.2473,-1.1384,-0.9955,-0.821,-0.6166,-0.3842,-0.1459,-0.0128,-0.3734,-0.1495,-0.3006,-0.4832,-0.6679,-0.8427,-1.0005,-1.1356,-1.2431,-1.3191,-1.3608,-1.366,-1.3327,-1.2625,-1.1564,-1.018,-0.8498,-0.6564,-0.4423,-0.22,-0.069,-0.3004,-0.1351,-0.2894,-0.4737,-0.6591,-0.8344,-0.9933,-1.129,-1.2369,-1.3149,-1.3584,-1.3657,-1.3354,-1.2679,-1.1688,-1.0372,-0.88,-0.7025,-0.5123,-0.3221,-0.1637,-0.3014,-0.1135,-0.271,-0.4559,-0.6412,-0.8161,-0.9746,-1.1104,-1.2192,-1.297,-1.3425,-1.3521,-1.3256,-1.2638,-1.1693,-1.0453,-0.8978,-0.7312,-0.5519,-0.3662,-0.1824,-0.2162,-0.0852,-0.2452,-0.429,-0.6132,-0.7862,-0.9431,-1.0775,-1.1857,-1.2643,-1.3103,-1.3227,-1.2999,-1.2429,-1.1545,-1.0384,-0.8986,-0.74,-0.5656,-0.376,-0.1684,-0.1887,-0.0509,-0.2113,-0.3928,-0.5724,-0.742,-0.8951,-1.026,-1.1326,-1.2111,-1.2586,-1.2733,-1.2542,-1.2032,-1.122,-1.0141,-0.8839,-0.7361,-0.5725,-0.3922,-0.1831,-0.1057,-0.0105,-0.1677,-0.3431,-0.5156,-0.6776,-0.8243,-0.951,-1.0543,-1.1311,-1.1795,-1.1978,-1.1848,-1.1413,-1.0697,-0.9736,-0.8574,-0.7243,-0.5786,-0.4171,-0.2125,-0.0682,0.0375,-0.1126,-0.2746,-0.435,-0.5841,-0.7195,-0.8378,-0.9355,-1.0109,-1.0619,-1.0866,-1.0839,-1.0543,-1.0,-0.9244,-0.8287,-0.7172,-0.5926,-0.4581,-0.2921,0.0065,0.0613,-0.0728,-0.2033,-0.3261,-0.4411,-0.5481,-0.6472,-0.7367,-0.8136,-0.8757,-0.9205,-0.9496,-0.9625,-0.959,-0.942,-0.9134,-0.8623,-0.7522,-0.5467,-0.2705
G_107,LHS,0.12,2.7,14.0,21.9,80,-0.2105,-0.1511,-0.1413,-0.1401,-0.1424,-0.1439,-0.1447,-0.1447,-0.1472,-0.1529,-0.1565,-0.1597,-0.1664,-0.1729,-0.1787,-0.1823,-0.1904,-0.1993,-0.2082,-0.2203,-0.255,-0.2383,-0.1779,-0.1709,-0.1705,-0.1732,-0.1775,-0.1829,-0.1886,-0.1944,-0.2006,-0.207,-0.2134,-0.2199,-0.2267,-0.2336,-0.24,-0.2483,-0.258,-0.2703,-0.2908,-0.345,-0.2516,-0.1866,-0.1804,-0.1812,-0.1854,-0.1914,-0.1983,-0.2057,-0.2137,-0.2207,-0.2286,-0.237,-0.2449,-0.2534,-0.262,-0.2713,-0.2815,-0.2937,-0.3099,-0.3372,-0.4093,-0.2617,-0.1938,-0.1879,-0.1897,-0.195,-0.2021,-0.2103,-0.219,-0.228,-0.2371,-0.2463,-0.2556,-0.2652,-0.2749,-0.285,-0.2958,-0.3078,-0.3221,-0.3407,-0.3717,-0.4708,-0.2609,-0.201,-0.1954,-0.198,-0.2041,-0.2123,-0.2215,-0.2313,-0.2415,-0.252,-0.2619,-0.2723,-0.2832,-0.2942,-0.3056,-0.3177,-0.3311,-0.3467,-0.3666,-0.3994,-0.4886,-0.2811,-0.2084,-0.2035,-0.2068,-0.2138,-0.2228,-0.233,-0.2437,-0.2551,-0.2662,-0.2772,-0.2892,-0.3005,-0.3124,-0.3254,-0.3386,-0.3529,-0.3693,-0.3899,-0.4222,-0.5128,-0.2924,-0.2173,-0.2126,-0.2166,-0.2245,-0.2347,-0.2456,-0.2571,-0.269,-0.281,-0.294,-0.3065,-0.3191,-0.3323,-0.3456,-0.3592,-0.3745,-0.3909,-0.4115,-0.443,-0.5437,-0.3035,-0.2278,-0.2233,-0.228,-0.2368,-0.2476,-0.2596,-0.2721,-0.2854,-0.2987,-0.3116,-0.326,-0.3396,-0.3534,-0.3674,-0.3821,-0.3973,-0.4138,-0.433,-0.4613,-0.549,-0.3067,-0.2408,-0.2369,-0.2425,-0.2525,-0.2643,-0.2773,-0.2911,-0.3052,-0.319,-0.3338,-0.3487,-0.3635,-0.3785,-0.3933,-0.4083,-0.4234,-0.4391,-0.4567,-0.4803,-0.5542,-0.3357,-0.2584,-0.2547,-0.2615,-0.2725,-0.2857,-0.2999,-0.3148,-0.3305,-0.3466,-0.3624,-0.3789,-0.3953,-0.4113,-0.4269,-0.442,-0.4569,-0.4716,-0.487,-0.5057,-0.5622,-0.3622,-0.2831,-0.2801,-0.2883,-0.301,-0.316,-0.3323,-0.3496,-0.3675,-0.3858,-0.4043,-0.4228,-0.4409,-0.4584,-0.4746,-0.4894,-0.503,-0.5159,-0.5289,-0.5431,-0.5818,-0.4034,-0.3218,-0.3201,-0.3309,-0.3467,-0.365,-0.385,-0.4065,-0.4288,-0.4514,-0.4743,-0.496,-0.5159,-0.5331,-0.547,-0.5577,-0.5666,-0.575,-0.5851,-0.5969,-0.6095,-0.4658,-0.3907,-0.3928,-0.4104,-0.4339,-0.4605,-0.4898,-0.5199,-0.5496,-0.5779,-0.6042,-0.6255,-0.6412,-0.6487,-0.6507,-0.649,-0.6466,-0.6478,-0.6563,-0.6678,-0.6745,-0.6214,-0.535,-0.5614,-0.6091,-0.658,-0.7047,-0.7394,-0.765,-0.7813,-0.7911,-0.7937,-0.7896,-0.7818,-0.7701,-0.7572,-0.7457,-0.7374,-0.7314,-0.7266,-0.7304,-0.8,-0.9766,-0.9593,-1.0406,-1.0701,-1.1036,-1.0913,-1.0984,-1.0847,-1.051,-1.0281,-0.9736,-0.9556,-0.8972,-0.8726,-0.8503,-0.8443,-0.841,-0.8167,-0.7976,-0.7531,-0.7795
G_113,LHS,0.37,1.4,93.7,6.0,75,-0.1956,-0.1803,-0.174,-0.1786,-0.195,-0.2124,-0.2373,-0.271,-0.3004,-0.3242,-0.3447,-0.3527,-0.358,-0.3547,-0.3438,-0.3296,-0.3127,-0.2846,-0.2527,-0.2243,-0.2016,-0.1563,-0.1436,-0.1382,-0.1454,-0.1639,-0.1923,-0.2288,-0.2698,-0.3093,-0.3438,-0.3701,-0.387,-0.394,-0.3908,-0.3773,-0.3535,-0.3209,-0.2832,-0.245,-0.2112,-0.1868,-0.1312,-0.1194,-0.1152,-0.1243,-0.1458,-0.1792,-0.2207,-0.2676,-0.3126,-0.3525,-0.384,-0.4055,-0.415,-0.4132,-0.3991,-0.3731,-0.3374,-0.2976,-0.259,-0.2267,-0.2035,-0.1146,-0.1034,-0.1002,-0.1105,-0.1348,-0.1703,-0.2167,-0.2683,-0.3178,-0.3622,-0.3975,-0.4223,-0.435,-0.4359,-0.4233,-0.3977,-0.3632,-0.324,-0.2873,-0.2577,-0.2364,-0.1031,-0.0921,-0.0896,-0.1013,-0.1275,-0.1662,-0.2158,-0.2707,-0.3239,-0.3721,-0.4115,-0.441,-0.4583,-0.4625,-0.4531,-0.4301,-0.3977,-0.3618,-0.3285,-0.3019,-0.2828,-0.0953,-0.0845,-0.0824,-0.0953,-0.1233,-0.1646,-0.2177,-0.2758,-0.3326,-0.3847,-0.4287,-0.4629,-0.4848,-0.4943,-0.489,-0.4703,-0.4427,-0.4119,-0.3831,-0.3598,-0.343,-0.0905,-0.0798,-0.0782,-0.0923,-0.1224,-0.1665,-0.2224,-0.2834,-0.3437,-0.4001,-0.4489,-0.4886,-0.5172,-0.5322,-0.5325,-0.5198,-0.4993,-0.4754,-0.4521,-0.4319,-0.4169,-0.0884,-0.078,-0.0771,-0.0925,-0.1249,-0.1721,-0.2305,-0.2943,-0.3584,-0.4196,-0.4738,-0.5203,-0.5563,-0.5776,-0.584,-0.5799,-0.5679,-0.5524,-0.5347,-0.5171,-0.5026,-0.0897,-0.0803,-0.0803,-0.0975,-0.1321,-0.1821,-0.2431,-0.3098,-0.3783,-0.4442,-0.5054,-0.5594,-0.6036,-0.6323,-0.646,-0.6491,-0.6465,-0.6393,-0.6269,-0.6108,-0.5955,-0.0967,-0.0892,-0.0907,-0.1096,-0.1467,-0.199,-0.2624,-0.3326,-0.4054,-0.4779,-0.5481,-0.612,-0.6644,-0.6989,-0.7169,-0.7253,-0.7294,-0.7288,-0.7198,-0.7027,-0.6842,-0.1172,-0.1125,-0.1148,-0.1349,-0.1735,-0.2278,-0.2936,-0.3677,-0.4463,-0.5272,-0.6093,-0.6857,-0.7453,-0.7802,-0.7957,-0.8024,-0.8078,-0.8092,-0.7986,-0.7765,-0.7518,-0.1735,-0.1695,-0.1686,-0.1861,-0.2242,-0.2794,-0.3476,-0.426,-0.5117,-0.6053,-0.7036,-0.7924,-0.8515,-0.8741,-0.88,-0.8781,-0.8753,-0.8688,-0.8481,-0.8134,-0.7766,-0.3322,-0.3115,-0.2896,-0.2938,-0.3261,-0.3809,-0.4528,-0.5386,-0.6359,-0.7472,-0.8634,-0.9454,-0.9689,-0.9688,-0.9627,-0.9489,-0.9327,-0.9075,-0.8628,-0.8037,-0.7453,-0.6289,-0.5971,-0.5619,-0.5517,-0.5759,-0.6345,-0.7203,-0.8272,-0.9471,-1.0657,-1.1222,-1.1078,-1.0801,-1.0581,-1.0303,-0.9998,-0.976,-0.9338,-0.8551,-0.7559,-0.6777,-0.6893,-0.7899,-0.8535,-0.9819,-1.045,-1.2129,-1.3132,-1.4543,-1.4955,-1.4582,-1.3289,-1.2159,-1.1553,-1.1066,-1.1076,-1.0453,-1.0124,-0.9675,-0.8581,-0.6876,-0.6142
G_122,LHS,0.47,3.0,55.1,6.8,10,0.3107,0.4953,0.5739,0.4796,0.2246,-0.1328,-0.5259,-0.8928,-1.1765,-1.3329,-1.3337,-1.1983,-0.9819,-0.7978,-0.7121,-0.7068,-0.7125,-0.5756,-0.4541,-0.385,-0.3494,0.4922,0.6093,0.6375,0.4884,0.1659,-0.2762,-0.7646,-1.2294,-1.614,-1.8575,-1.9324,-1.8209,-1.5512,-1.1871,-0.8116,-0.5025,-0.3393,-0.3078,-0.3115,-0.3037,-0.2843,0.5564,0.646,0.6432,0.4615,0.1009,-0.3821,-0.9155,-1.422,-1.8421,-2.1142,-2.2001,-2.0737,-1.7573,-1.2849,-0.7452,-0.3678,-0.2949,-0.2868,-0.2882,-0.2846,-0.271,0.5871,0.6611,0.6397,0.4364,0.0516,-0.4576,-1.0161,-1.5473,-1.9811,-2.2592,-2.3356,-2.1861,-1.8176,-1.2799,-0.6737,-0.3618,-0.3124,-0.3032,-0.3019,-0.2993,-0.2916,0.6045,0.6699,0.6359,0.4175,0.0156,-0.5113,-1.0867,-1.632,-2.0746,-2.3539,-2.4222,-2.255,-1.864,-1.2902,-0.653,-0.381,-0.3388,-0.3283,-0.3275,-0.3247,-0.3179,0.6186,0.6776,0.6338,0.4042,-0.0102,-0.5502,-1.1383,-1.695,-2.1463,-2.4303,-2.5004,-2.3275,-1.9244,-1.3377,-0.6867,-0.4132,-0.3711,-0.3619,-0.3631,-0.3613,-0.3511,0.6296,0.6863,0.6354,0.3965,-0.0273,-0.5773,-1.1758,-1.744,-2.2063,-2.5002,-2.5788,-2.413,-2.0152,-1.4312,-0.772,-0.4656,-0.4169,-0.4091,-0.4133,-0.4178,-0.4066,0.6384,0.6956,0.6412,0.3965,-0.0339,-0.5935,-1.2012,-1.7805,-2.256,-2.5645,-2.6586,-2.5109,-2.1307,-1.5595,-0.8954,-0.5311,-0.4682,-0.4501,-0.4546,-0.469,-0.4681,0.6407,0.7011,0.649,0.4036,-0.0299,-0.593,-1.2096,-1.8001,-2.2899,-2.6184,-2.7355,-2.6171,-2.2715,-1.7348,-1.0845,-0.6351,-0.5586,-0.5546,-0.5816,-0.6018,-0.5587,0.6413,0.7067,0.6622,0.4219,-0.0105,-0.5755,-1.1966,-1.7958,-2.299,-2.6452,-2.7898,-2.7111,-2.4174,-1.9537,-1.389,-0.8545,-0.7017,-0.7003,-0.6871,-0.6454,-0.5716,0.6413,0.719,0.6875,0.4559,0.0284,-0.534,-1.1542,-1.7544,-2.2631,-2.6213,-2.7854,-2.7362,-2.4883,-2.085,-1.6032,-1.1267,-0.7756,-0.6447,-0.6125,-0.5908,-0.5283,0.6362,0.7339,0.7252,0.5089,0.0912,-0.4624,-1.0732,-1.6642,-2.1669,-2.5206,-2.687,-2.6471,-2.4084,-2.0303,-1.5744,-1.1313,-0.795,-0.6295,-0.5866,-0.5877,-0.592,0.6189,0.7508,0.7762,0.5804,0.1788,-0.3553,-0.9426,-1.51,-1.9924,-2.3271,-2.4786,-2.4244,-2.1799,-1.7933,-1.3413,-0.9301,-0.6694,-0.5622,-0.5245,-0.5295,-0.5243,0.5824,0.7759,0.8425,0.671,0.298,-0.1977,-0.7418,-1.2696,-1.7108,-2.0208,-2.1485,-2.0749,-1.8106,-1.4113,-0.9887,-0.6791,-0.5272,-0.4995,-0.5076,-0.494,-0.4747,0.4255,0.762,0.8908,0.7714,0.4714,0.0645,-0.3895,-0.8376,-1.229,-1.5165,-1.6551,-1.6037,-1.337,-0.9087,-0.5721,-0.5096,-0.5135,-0.5234,-0.5042,-0.4554,-0.4162
G_126,LHS,0.49,1.3,64.4,18.8,85,-0.1672,-0.1574,-0.144,-0.1478,-0.1487,-0.1522,-0.1564,-0.1613,-0.1704,-0.1847,-0.1955,-0.2078,-0.2172,-0.2249,-0.2294,-0.2423,-0.2529,-0.2609,-0.2695,-0.2743,-0.2772,-0.1745,-0.165,-0.157,-0.1537,-0.1549,-0.1597,-0.1674,-0.1775,-0.1899,-0.2037,-0.2177,-0.2315,-0.2447,-0.2567,-0.2682,-0.2801,-0.2921,-0.303,-0.3131,-0.3196,-0.3206,-0.1814,-0.1727,-0.1645,-0.1601,-0.1614,-0.1666,-0.1758,-0.1877,-0.2021,-0.2177,-0.2342,-0.2511,-0.2672,-0.2828,-0.2979,-0.3128,-0.328,-0.3431,-0.3565,-0.3654,-0.367,-0.1949,-0.1858,-0.1769,-0.1713,-0.1719,-0.1776,-0.1873,-0.2007,-0.2164,-0.2342,-0.2529,-0.2727,-0.2918,-0.311,-0.3296,-0.3484,-0.3677,-0.3876,-0.4054,-0.4179,-0.4214,-0.2175,-0.207,-0.1962,-0.1892,-0.1886,-0.1935,-0.2036,-0.2177,-0.2348,-0.2546,-0.2756,-0.2975,-0.3206,-0.3428,-0.3657,-0.3885,-0.4125,-0.4372,-0.4604,-0.4776,-0.4838,-0.2525,-0.2388,-0.2242,-0.2142,-0.2114,-0.2153,-0.2251,-0.2394,-0.2578,-0.2796,-0.303,-0.3281,-0.3544,-0.3808,-0.4071,-0.434,-0.4625,-0.4922,-0.5207,-0.5429,-0.5521,-0.3034,-0.2843,-0.2636,-0.2488,-0.2426,-0.2445,-0.2532,-0.2679,-0.2876,-0.3108,-0.3367,-0.3654,-0.3954,-0.4253,-0.4554,-0.4856,-0.5178,-0.5512,-0.584,-0.6106,-0.6221,-0.3743,-0.3467,-0.3174,-0.2954,-0.2843,-0.2832,-0.2905,-0.3049,-0.3256,-0.3508,-0.3795,-0.4121,-0.4456,-0.479,-0.5118,-0.544,-0.5779,-0.6126,-0.6469,-0.6757,-0.6879,-0.466,-0.4281,-0.3879,-0.3569,-0.3397,-0.3344,-0.3396,-0.3537,-0.3752,-0.4027,-0.4351,-0.471,-0.5083,-0.5444,-0.5778,-0.6097,-0.6423,-0.6744,-0.7056,-0.7325,-0.7423,-0.5741,-0.5268,-0.4771,-0.4371,-0.4128,-0.4032,-0.4056,-0.4194,-0.442,-0.4721,-0.5084,-0.5483,-0.5872,-0.6237,-0.6548,-0.6827,-0.7102,-0.735,-0.7573,-0.7762,-0.7787,-0.685,-0.6365,-0.5856,-0.541,-0.5118,-0.4977,-0.498,-0.5122,-0.5363,-0.5698,-0.6096,-0.6504,-0.6877,-0.7187,-0.7423,-0.7615,-0.7795,-0.7932,-0.8025,-0.8059,-0.7939,-0.7797,-0.7471,-0.712,-0.6762,-0.6486,-0.634,-0.6337,-0.6495,-0.6764,-0.7124,-0.7526,-0.7879,-0.8135,-0.83,-0.8386,-0.8439,-0.8479,-0.8479,-0.8444,-0.8285,-0.7905,-0.8462,-0.8531,-0.8527,-0.8507,-0.843,-0.8394,-0.8458,-0.8677,-0.8961,-0.9273,-0.9536,-0.9664,-0.9642,-0.9552,-0.9427,-0.9297,-0.9158,-0.9021,-0.8851,-0.8507,-0.7807,-0.9022,-0.9608,-1.0028,-1.0491,-1.0923,-1.1287,-1.1622,-1.1925,-1.2093,-1.2085,-1.1922,-1.1591,-1.1215,-1.0845,-1.052,-1.0246,-0.9925,-0.9672,-0.9284,-0.8697,-0.7711,-0.955,-1.0333,-1.1121,-1.1776,-1.2765,-1.3527,-1.415,-1.4331,-1.4121,-1.398,-1.34,-1.262,-1.2178,-1.1546,-1.0753,-1.1044,-1.0806,-1.0412,-1.014,-0.893,-0.7612
G_133,LHS,0.23,2.8,88.5,20.6,75,-0.146,-0.1405,-0.1476,-0.1617,-0.1804,-0.2001,-0.2186,-0.2352,-0.2496,-0.2613,-0.2705,-0.2781,-0.2832,-0.283,-0.2776,-0.2699,-0.2589,-0.2443,-0.2295,-0.2148,-0.2055,-0.1166,-0.1151,-0.1283,-0.146,-0.1674,-0.1899,-0.2128,-0.236,-0.2569,-0.2726,-0.2851,-0.2932,-0.2959,-0.2928,-0.2852,-0.2724,-0.2566,-0.2367,-0.2147,-0.1916,-0.1725,-0.0992,-0.0988,-0.1141,-0.1339,-0.157,-0.182,-0.2084,-0.2334,-0.2562,-0.2746,-0.2885,-0.296,-0.2989,-0.2955,-0.2873,-0.2736,-0.2555,-0.2337,-0.2094,-0.1838,-0.1638,-0.0879,-0.0884,-0.1049,-0.1268,-0.1514,-0.1785,-0.2061,-0.2336,-0.2571,-0.2772,-0.2919,-0.3005,-0.3038,-0.3011,-0.2922,-0.2784,-0.2595,-0.2368,-0.2113,-0.1846,-0.1681,-0.0791,-0.0812,-0.0989,-0.1219,-0.1484,-0.1767,-0.2067,-0.2353,-0.2606,-0.2814,-0.2972,-0.3072,-0.3111,-0.3091,-0.3009,-0.2869,-0.2681,-0.245,-0.2188,-0.1915,-0.1795,-0.073,-0.0761,-0.0951,-0.1194,-0.1475,-0.178,-0.2091,-0.2389,-0.2657,-0.2881,-0.3052,-0.3165,-0.3218,-0.3208,-0.3136,-0.3005,-0.282,-0.2588,-0.2322,-0.2047,-0.2013,-0.0682,-0.0724,-0.0927,-0.1186,-0.1484,-0.1806,-0.2134,-0.2449,-0.2733,-0.2974,-0.3164,-0.3297,-0.3368,-0.3376,-0.3321,-0.3202,-0.3025,-0.2797,-0.2532,-0.2261,-0.2323,-0.0634,-0.0698,-0.0917,-0.1192,-0.1508,-0.1849,-0.2197,-0.2531,-0.2837,-0.3102,-0.3317,-0.3476,-0.3577,-0.3612,-0.3582,-0.3484,-0.3323,-0.3105,-0.285,-0.2594,-0.2776,-0.0588,-0.068,-0.0918,-0.1211,-0.1547,-0.1912,-0.2284,-0.2644,-0.2978,-0.3275,-0.3525,-0.3721,-0.3861,-0.3941,-0.3948,-0.3883,-0.3751,-0.3562,-0.3336,-0.3115,-0.3408,-0.0542,-0.0671,-0.0931,-0.1245,-0.161,-0.2006,-0.2408,-0.2799,-0.317,-0.3509,-0.3807,-0.4058,-0.4256,-0.4391,-0.4455,-0.4445,-0.4366,-0.4238,-0.4082,-0.393,-0.4274,-0.05,-0.0683,-0.0974,-0.133,-0.173,-0.2155,-0.2589,-0.3021,-0.3439,-0.3837,-0.4203,-0.4528,-0.4807,-0.5014,-0.5156,-0.5222,-0.5232,-0.5205,-0.5159,-0.5107,-0.5423,-0.049,-0.0778,-0.1125,-0.1514,-0.1941,-0.2394,-0.2879,-0.3367,-0.3854,-0.4333,-0.48,-0.5234,-0.5605,-0.5916,-0.613,-0.6254,-0.6317,-0.6376,-0.6454,-0.6509,-0.6667,-0.0783,-0.1165,-0.1528,-0.1935,-0.239,-0.2887,-0.3422,-0.3993,-0.4597,-0.5228,-0.5863,-0.6437,-0.687,-0.7157,-0.7288,-0.7333,-0.7382,-0.7489,-0.764,-0.7708,-0.7601,-0.24,-0.251,-0.276,-0.3135,-0.3605,-0.4177,-0.4832,-0.5595,-0.6492,-0.7357,-0.7941,-0.8153,-0.8171,-0.8181,-0.8194,-0.8212,-0.8257,-0.8318,-0.8317,-0.8207,-0.861,-0.7084,-0.7234,-0.8037,-0.8873,-0.9717,-1.0538,-1.1159,-1.1146,-1.052,-0.9864,-0.9423,-0.9185,-0.9083,-0.8914,-0.8669,-0.8841,-0.8846,-0.877,-0.874,-0.8041,-0.9475
G_147,LHS,0.46,1.9,99.0,16.1,20,0.303,0.3843,0.3695,0.2497,0.0402,-0.2248,-0.5057,-0.7575,-0.9338,-0.9968,-0.9557,-0.8717,-0.7741,-0.6844,-0.6367,-0.6167,-0.6034,-0.6027,-0.5548,-0.5171,-0.4819,0.4584,0.5013,0.4551,0.2949,0.0293,-0.309,-0.6748,-1.0198,-1.2923,-1.4573,-1.4947,-1.3994,-1.2024,-0.9587,-0.763,-0.6799,-0.6537,-0.6322,-0.5513,-0.4897,-0.492,0.5203,0.5462,0.4816,0.2953,-0.0039,-0.3849,-0.8011,-1.1956,-1.5229,-1.7425,-1.8251,-1.7646,-1.5818,-1.3124,-1.0161,-0.7515,-0.5526,-0.3978,-0.3506,-0.4225,-0.491,0.5573,0.5724,0.4941,0.2889,-0.0353,-0.4449,-0.8905,-1.3228,-1.6875,-1.9415,-2.0537,-2.0151,-1.8366,-1.5513,-1.2004,-0.8336,-0.5195,-0.4069,-0.3906,-0.4652,-0.4943,0.5835,0.5918,0.5037,0.2846,-0.0572,-0.4887,-0.959,-1.4142,-1.8056,-2.0797,-2.2112,-2.1867,-2.0156,-1.7165,-1.3408,-0.9328,-0.5864,-0.4677,-0.4486,-0.4813,-0.4567,0.6044,0.6091,0.5146,0.2859,-0.0684,-0.5163,-1.0033,-1.4752,-1.8793,-2.1706,-2.3187,-2.302,-2.1326,-1.8366,-1.4566,-1.0472,-0.6839,-0.5086,-0.4686,-0.455,-0.3968,0.623,0.6267,0.5293,0.2941,-0.0701,-0.5287,-1.0243,-1.5098,-1.9231,-2.2242,-2.3786,-2.3706,-2.2081,-1.9186,-1.547,-1.152,-0.7924,-0.5607,-0.4771,-0.43,-0.3537,0.6413,0.6464,0.5479,0.3098,-0.059,-0.5214,-1.0258,-1.5144,-1.9351,-2.2405,-2.4015,-2.3969,-2.2412,-1.956,-1.5983,-1.2189,-0.8801,-0.6397,-0.5131,-0.4435,-0.3697,0.6604,0.6694,0.5724,0.3339,-0.0366,-0.5012,-1.0059,-1.4959,-1.9169,-2.2226,-2.3832,-2.3802,-2.2255,-1.9478,-1.5993,-1.2356,-0.9212,-0.7018,-0.5865,-0.5414,-0.5386,0.6817,0.6969,0.6035,0.3673,-0.0012,-0.4615,-0.9645,-1.452,-1.8677,-2.1696,-2.3263,-2.321,-2.1643,-1.8889,-1.547,-1.2014,-0.9089,-0.7217,-0.6368,-0.6211,-0.6169,0.7066,0.7302,0.6429,0.4119,0.0484,-0.4063,-0.9002,-1.3781,-1.7874,-2.0806,-2.2305,-2.2189,-2.0562,-1.7825,-1.445,-1.1174,-0.8565,-0.699,-0.6223,-0.5873,-0.5837,0.7357,0.7712,0.6928,0.47,0.1159,-0.3273,-0.8094,-1.2744,-1.6716,-1.959,-2.0958,-2.0776,-1.9096,-1.6329,-1.3072,-1.002,-0.7797,-0.6392,-0.553,-0.5502,-0.544,0.7696,0.8227,0.7566,0.5463,0.2081,-0.2192,-0.6821,-1.1306,-1.5153,-1.7899,-1.9235,-1.9002,-1.7275,-1.4518,-1.1423,-0.8755,-0.6784,-0.5347,-0.5258,-0.5258,-0.5172,0.801,0.8871,0.8412,0.6532,0.3398,-0.058,-0.4959,-0.9235,-1.2967,-1.5717,-1.7142,-1.7011,-1.5354,-1.253,-0.9427,-0.7036,-0.5392,-0.5248,-0.5279,-0.5161,-0.5015,0.7783,0.923,0.9253,0.7908,0.5433,0.2102,-0.1738,-0.5714,-0.944,-1.2553,-1.478,-1.5791,-1.5172,-1.2071,-0.7127,-0.5508,-0.5464,-0.5454,-0.5384,-0.5151,-0.4881
