id,algorithm,training_N,seed,analyses,canonical_artifact_id,model,scalers,included
r000,ANN,43,42,principal/ANN/CCD43,r000,models/principal/ANN/CCD43/model.keras,models/principal/ANN/CCD43/scalers.joblib,False
r001,ANN,75,42,principal/ANN/CCD43_2k,r001,models/principal/ANN/CCD75/model.keras,models/principal/ANN/CCD75/scalers.joblib,False
r002,ANN,59,42,principal/ANN/CCD43_FFD,r002,models/principal/ANN/CCD59/model.keras,models/principal/ANN/CCD59/scalers.joblib,False
r003,ANN,126,42,principal/ANN/LHS126; convergencia/ANN/CONV_H10/42,r003,models/principal/ANN/LHS126/model.keras,models/principal/ANN/LHS126/scalers.joblib,False
r004,ANN,158,42,principal/ANN/LHS126_2k,r004,models/principal/ANN/LHS158/model.keras,models/principal/ANN/LHS158/scalers.joblib,False
r005,ANN,142,42,principal/ANN/LHS126_FFD,r005,models/principal/ANN/LHS142/model.keras,models/principal/ANN/LHS142/scalers.joblib,False
r006,ANN,43,42,principal/ANN/LHS43,r006,models/principal/ANN/R_LHS43/model.keras,models/principal/ANN/R_LHS43/scalers.joblib,False
r007,ANN,75,42,principal/ANN/LHS43_2k,r007,models/principal/ANN/R_LHS75/model.keras,models/principal/ANN/R_LHS75/scalers.joblib,False
r008,ANN,59,42,principal/ANN/LHS43_FFD,r008,models/principal/ANN/R_LHS59/model.keras,models/principal/ANN/R_LHS59/scalers.joblib,False
r009,DT,43,42,principal/DT/CCD43,r009,models/principal/DT/CCD43/model.joblib,models/principal/DT/CCD43/scalers.joblib,False
r010,DT,75,42,principal/DT/CCD43_2k,r010,models/principal/DT/CCD75/model.joblib,models/principal/DT/CCD75/scalers.joblib,False
r011,DT,59,42,principal/DT/CCD43_FFD,r011,models/principal/DT/CCD59/model.joblib,models/principal/DT/CCD59/scalers.joblib,False
r012,DT,126,42,principal/DT/LHS126,r012,models/principal/DT/LHS126/model.joblib,models/principal/DT/LHS126/scalers.joblib,False
r013,DT,158,42,principal/DT/LHS126_2k,r013,models/principal/DT/LHS158/model.joblib,models/principal/DT/LHS158/scalers.joblib,False
r014,DT,142,42,principal/DT/LHS126_FFD,r014,models/principal/DT/LHS142/model.joblib,models/principal/DT/LHS142/scalers.joblib,False
r015,DT,43,42,principal/DT/LHS43,r015,models/principal/DT/R_LHS43/model.joblib,models/principal/DT/R_LHS43/scalers.joblib,False
r016,DT,75,42,principal/DT/LHS43_2k,r016,models/principal/DT/R_LHS75/model.joblib,models/principal/DT/R_LHS75/scalers.joblib,False
r017,DT,59,42,principal/DT/LHS43_FFD,r017,models/principal/DT/R_LHS59/model.joblib,models/principal/DT/R_LHS59/scalers.joblib,False
r018,GBoost,43,42,principal/GBoost/CCD43,r018,models/principal/GBoost/CCD43/model.joblib,models/principal/GBoost/CCD43/scalers.joblib,False
r019,GBoost,75,42,principal/GBoost/CCD43_2k,r019,models/principal/GBoost/CCD75/model.joblib,models/principal/GBoost/CCD75/scalers.joblib,False
r020,GBoost,59,42,principal/GBoost/CCD43_FFD,r020,models/principal/GBoost/CCD59/model.joblib,models/principal/GBoost/CCD59/scalers.joblib,False
r021,GBoost,126,42,principal/GBoost/LHS126,r021,models/principal/GBoost/LHS126/model.joblib,models/principal/GBoost/LHS126/scalers.joblib,False
r022,GBoost,158,42,principal/GBoost/LHS126_2k,r022,models/principal/GBoost/LHS158/model.joblib,models/principal/GBoost/LHS158/scalers.joblib,False
r023,GBoost,142,42,principal/GBoost/LHS126_FFD,r023,models/principal/GBoost/LHS142/model.joblib,models/principal/GBoost/LHS142/scalers.joblib,False
r024,GBoost,43,42,principal/GBoost/LHS43,r024,models/principal/GBoost/R_LHS43/model.joblib,models/principal/GBoost/R_LHS43/scalers.joblib,False
r025,GBoost,75,42,principal/GBoost/LHS43_2k,r025,models/principal/GBoost/R_LHS75/model.joblib,models/principal/GBoost/R_LHS75/scalers.joblib,False
r026,GBoost,59,42,principal/GBoost/LHS43_FFD,r026,models/principal/GBoost/R_LHS59/model.joblib,models/principal/GBoost/R_LHS59/scalers.joblib,False
r027,KNN,43,42,principal/KNN/CCD43,r027,models/principal/KNN/CCD43/model.joblib,models/principal/KNN/CCD43/scalers.joblib,False
r028,KNN,75,42,principal/KNN/CCD43_2k,r028,models/principal/KNN/CCD75/model.joblib,models/principal/KNN/CCD75/scalers.joblib,False
r029,KNN,59,42,principal/KNN/CCD43_FFD,r029,models/principal/KNN/CCD59/model.joblib,models/principal/KNN/CCD59/scalers.joblib,False
r030,KNN,126,42,principal/KNN/LHS126,r030,models/principal/KNN/LHS126/model.joblib,models/principal/KNN/LHS126/scalers.joblib,False
r031,KNN,158,42,principal/KNN/LHS126_2k,r031,models/principal/KNN/LHS158/model.joblib,models/principal/KNN/LHS158/scalers.joblib,False
r032,KNN,142,42,principal/KNN/LHS126_FFD,r032,models/principal/KNN/LHS142/model.joblib,models/principal/KNN/LHS142/scalers.joblib,False
r033,KNN,43,42,principal/KNN/LHS43,r033,models/principal/KNN/R_LHS43/model.joblib,models/principal/KNN/R_LHS43/scalers.joblib,False
r034,KNN,75,42,principal/KNN/LHS43_2k,r034,models/principal/KNN/R_LHS75/model.joblib,models/principal/KNN/R_LHS75/scalers.joblib,False
r035,KNN,59,42,principal/KNN/LHS43_FFD,r035,models/principal/KNN/R_LHS59/model.joblib,models/principal/KNN/R_LHS59/scalers.joblib,False
r036,RF,43,42,principal/RF/CCD43,r036,models/principal/RF/CCD43/model.joblib,models/principal/RF/CCD43/scalers.joblib,False
r037,RF,75,42,principal/RF/CCD43_2k,r037,models/principal/RF/CCD75/model.joblib,models/principal/RF/CCD75/scalers.joblib,False
r038,RF,59,42,principal/RF/CCD43_FFD,r038,models/principal/RF/CCD59/model.joblib,models/principal/RF/CCD59/scalers.joblib,False
r039,RF,126,42,principal/RF/LHS126,r039,models/principal/RF/LHS126/model.joblib,models/principal/RF/LHS126/scalers.joblib,False
r040,RF,158,42,principal/RF/LHS126_2k,r040,models/principal/RF/LHS158/model.joblib,models/principal/RF/LHS158/scalers.joblib,False
r041,RF,142,42,principal/RF/LHS126_FFD,r041,models/principal/RF/LHS142/model.joblib,models/principal/RF/LHS142/scalers.joblib,False
r042,RF,43,42,principal/RF/LHS43,r042,models/principal/RF/R_LHS43/model.joblib,models/principal/RF/R_LHS43/scalers.joblib,False
r043,RF,75,42,principal/RF/LHS43_2k,r043,models/principal/RF/R_LHS75/model.joblib,models/principal/RF/R_LHS75/scalers.joblib,False
r044,RF,59,42,principal/RF/LHS43_FFD,r044,models/principal/RF/R_LHS59/model.joblib,models/principal/RF/R_LHS59/scalers.joblib,False
r045,SVR,43,42,principal/SVR/CCD43,r045,models/principal/SVR/CCD43/model.joblib,models/principal/SVR/CCD43/scalers.joblib,False
r046,SVR,75,42,principal/SVR/CCD43_2k,r046,models/principal/SVR/CCD75/model.joblib,models/principal/SVR/CCD75/scalers.joblib,False
r047,SVR,59,42,principal/SVR/CCD43_FFD,r047,models/principal/SVR/CCD59/model.joblib,models/principal/SVR/CCD59/scalers.joblib,False
r048,SVR,126,42,principal/SVR/LHS126; convergencia/SVR/CONV_H10/42,r048,models/principal/SVR/LHS126/model.joblib,models/principal/SVR/LHS126/scalers.joblib,False
r049,SVR,158,42,principal/SVR/LHS126_2k,r049,models/principal/SVR/LHS158/model.joblib,models/principal/SVR/LHS158/scalers.joblib,False
r050,SVR,142,42,principal/SVR/LHS126_FFD,r050,models/principal/SVR/LHS142/model.joblib,models/principal/SVR/LHS142/scalers.joblib,False
r051,SVR,43,42,principal/SVR/LHS43,r051,models/principal/SVR/R_LHS43/model.joblib,models/principal/SVR/R_LHS43/scalers.joblib,False
r052,SVR,75,42,principal/SVR/LHS43_2k,r052,models/principal/SVR/R_LHS75/model.joblib,models/principal/SVR/R_LHS75/scalers.joblib,False
r053,SVR,59,42,principal/SVR/LHS43_FFD,r053,models/principal/SVR/R_LHS59/model.joblib,models/principal/SVR/R_LHS59/scalers.joblib,False
r054,ANN,13,42,convergencia/ANN/CONV_H01/42,r054,models/convergence/ANN/N013/seed_42/model.keras,models/convergence/ANN/N013/seed_42/scalers.joblib,False
r055,ANN,13,43,convergencia/ANN/CONV_H01/43,r055,models/convergence/ANN/N013/seed_43/model.keras,models/convergence/ANN/N013/seed_43/scalers.joblib,False
r056,ANN,13,44,convergencia/ANN/CONV_H01/44,r056,models/convergence/ANN/N013/seed_44/model.keras,models/convergence/ANN/N013/seed_44/scalers.joblib,False
r057,SVR,13,42,convergencia/SVR/CONV_H01/42,r057,models/convergence/SVR/N013/seed_42/model.joblib,models/convergence/SVR/N013/seed_42/scalers.joblib,False
r058,SVR,13,43,convergencia/SVR/CONV_H01/43,r057,models/convergence/SVR/N013/seed_42/model.joblib,models/convergence/SVR/N013/seed_42/scalers.joblib,False
r059,SVR,13,44,convergencia/SVR/CONV_H01/44,r057,models/convergence/SVR/N013/seed_42/model.joblib,models/convergence/SVR/N013/seed_42/scalers.joblib,False
r060,ANN,25,42,convergencia/ANN/CONV_H02/42,r060,models/convergence/ANN/N025/seed_42/model.keras,models/convergence/ANN/N025/seed_42/scalers.joblib,False
r061,ANN,25,43,convergencia/ANN/CONV_H02/43,r061,models/convergence/ANN/N025/seed_43/model.keras,models/convergence/ANN/N025/seed_43/scalers.joblib,False
r062,ANN,25,44,convergencia/ANN/CONV_H02/44,r062,models/convergence/ANN/N025/seed_44/model.keras,models/convergence/ANN/N025/seed_44/scalers.joblib,False
r063,SVR,25,42,convergencia/SVR/CONV_H02/42,r063,models/convergence/SVR/N025/seed_42/model.joblib,models/convergence/SVR/N025/seed_42/scalers.joblib,False
r064,SVR,25,43,convergencia/SVR/CONV_H02/43,r063,models/convergence/SVR/N025/seed_42/model.joblib,models/convergence/SVR/N025/seed_42/scalers.joblib,False
r065,SVR,25,44,convergencia/SVR/CONV_H02/44,r063,models/convergence/SVR/N025/seed_42/model.joblib,models/convergence/SVR/N025/seed_42/scalers.joblib,False
r066,ANN,38,42,convergencia/ANN/CONV_H03/42,r066,models/convergence/ANN/N038/seed_42/model.keras,models/convergence/ANN/N038/seed_42/scalers.joblib,False
r067,ANN,38,43,convergencia/ANN/CONV_H03/43,r067,models/convergence/ANN/N038/seed_43/model.keras,models/convergence/ANN/N038/seed_43/scalers.joblib,False
r068,ANN,38,44,convergencia/ANN/CONV_H03/44,r068,models/convergence/ANN/N038/seed_44/model.keras,models/convergence/ANN/N038/seed_44/scalers.joblib,False
r069,SVR,38,42,convergencia/SVR/CONV_H03/42,r069,models/convergence/SVR/N038/seed_42/model.joblib,models/convergence/SVR/N038/seed_42/scalers.joblib,False
r070,SVR,38,43,convergencia/SVR/CONV_H03/43,r069,models/convergence/SVR/N038/seed_42/model.joblib,models/convergence/SVR/N038/seed_42/scalers.joblib,False
r071,SVR,38,44,convergencia/SVR/CONV_H03/44,r069,models/convergence/SVR/N038/seed_42/model.joblib,models/convergence/SVR/N038/seed_42/scalers.joblib,False
r072,ANN,50,42,convergencia/ANN/CONV_H04/42,r072,models/convergence/ANN/N050/seed_42/model.keras,models/convergence/ANN/N050/seed_42/scalers.joblib,False
r073,ANN,50,43,convergencia/ANN/CONV_H04/43,r073,models/convergence/ANN/N050/seed_43/model.keras,models/convergence/ANN/N050/seed_43/scalers.joblib,False
r074,ANN,50,44,convergencia/ANN/CONV_H04/44,r074,models/convergence/ANN/N050/seed_44/model.keras,models/convergence/ANN/N050/seed_44/scalers.joblib,False
r075,SVR,50,42,convergencia/SVR/CONV_H04/42,r075,models/convergence/SVR/N050/seed_42/model.joblib,models/convergence/SVR/N050/seed_42/scalers.joblib,False
r076,SVR,50,43,convergencia/SVR/CONV_H04/43,r075,models/convergence/SVR/N050/seed_42/model.joblib,models/convergence/SVR/N050/seed_42/scalers.joblib,False
r077,SVR,50,44,convergencia/SVR/CONV_H04/44,r075,models/convergence/SVR/N050/seed_42/model.joblib,models/convergence/SVR/N050/seed_42/scalers.joblib,False
r078,ANN,63,42,convergencia/ANN/CONV_H05/42,r078,models/convergence/ANN/N063/seed_42/model.keras,models/convergence/ANN/N063/seed_42/scalers.joblib,False
r079,ANN,63,43,convergencia/ANN/CONV_H05/43,r079,models/convergence/ANN/N063/seed_43/model.keras,models/convergence/ANN/N063/seed_43/scalers.joblib,False
r080,ANN,63,44,convergencia/ANN/CONV_H05/44,r080,models/convergence/ANN/N063/seed_44/model.keras,models/convergence/ANN/N063/seed_44/scalers.joblib,False
r081,SVR,63,42,convergencia/SVR/CONV_H05/42,r081,models/convergence/SVR/N063/seed_42/model.joblib,models/convergence/SVR/N063/seed_42/scalers.joblib,False
r082,SVR,63,43,convergencia/SVR/CONV_H05/43,r081,models/convergence/SVR/N063/seed_42/model.joblib,models/convergence/SVR/N063/seed_42/scalers.joblib,False
r083,SVR,63,44,convergencia/SVR/CONV_H05/44,r081,models/convergence/SVR/N063/seed_42/model.joblib,models/convergence/SVR/N063/seed_42/scalers.joblib,False
r084,ANN,76,42,convergencia/ANN/CONV_H06/42,r084,models/convergence/ANN/N076/seed_42/model.keras,models/convergence/ANN/N076/seed_42/scalers.joblib,False
r085,ANN,76,43,convergencia/ANN/CONV_H06/43,r085,models/convergence/ANN/N076/seed_43/model.keras,models/convergence/ANN/N076/seed_43/scalers.joblib,False
r086,ANN,76,44,convergencia/ANN/CONV_H06/44,r086,models/convergence/ANN/N076/seed_44/model.keras,models/convergence/ANN/N076/seed_44/scalers.joblib,False
r087,SVR,76,42,convergencia/SVR/CONV_H06/42,r087,models/convergence/SVR/N076/seed_42/model.joblib,models/convergence/SVR/N076/seed_42/scalers.joblib,False
r088,SVR,76,43,convergencia/SVR/CONV_H06/43,r087,models/convergence/SVR/N076/seed_42/model.joblib,models/convergence/SVR/N076/seed_42/scalers.joblib,False
r089,SVR,76,44,convergencia/SVR/CONV_H06/44,r087,models/convergence/SVR/N076/seed_42/model.joblib,models/convergence/SVR/N076/seed_42/scalers.joblib,False
r090,ANN,88,42,convergencia/ANN/CONV_H07/42,r090,models/convergence/ANN/N088/seed_42/model.keras,models/convergence/ANN/N088/seed_42/scalers.joblib,False
r091,ANN,88,43,convergencia/ANN/CONV_H07/43,r091,models/convergence/ANN/N088/seed_43/model.keras,models/convergence/ANN/N088/seed_43/scalers.joblib,False
r092,ANN,88,44,convergencia/ANN/CONV_H07/44,r092,models/convergence/ANN/N088/seed_44/model.keras,models/convergence/ANN/N088/seed_44/scalers.joblib,False
r093,SVR,88,42,convergencia/SVR/CONV_H07/42,r093,models/convergence/SVR/N088/seed_42/model.joblib,models/convergence/SVR/N088/seed_42/scalers.joblib,False
r094,SVR,88,43,convergencia/SVR/CONV_H07/43,r093,models/convergence/SVR/N088/seed_42/model.joblib,models/convergence/SVR/N088/seed_42/scalers.joblib,False
r095,SVR,88,44,convergencia/SVR/CONV_H07/44,r093,models/convergence/SVR/N088/seed_42/model.joblib,models/convergence/SVR/N088/seed_42/scalers.joblib,False
r096,ANN,101,42,convergencia/ANN/CONV_H08/42,r096,models/convergence/ANN/N101/seed_42/model.keras,models/convergence/ANN/N101/seed_42/scalers.joblib,False
r097,ANN,101,43,convergencia/ANN/CONV_H08/43,r097,models/convergence/ANN/N101/seed_43/model.keras,models/convergence/ANN/N101/seed_43/scalers.joblib,False
r098,ANN,101,44,convergencia/ANN/CONV_H08/44,r098,models/convergence/ANN/N101/seed_44/model.keras,models/convergence/ANN/N101/seed_44/scalers.joblib,False
r099,SVR,101,42,convergencia/SVR/CONV_H08/42,r099,models/convergence/SVR/N101/seed_42/model.joblib,models/convergence/SVR/N101/seed_42/scalers.joblib,False
r100,SVR,101,43,convergencia/SVR/CONV_H08/43,r099,models/convergence/SVR/N101/seed_42/model.joblib,models/convergence/SVR/N101/seed_42/scalers.joblib,False
r101,SVR,101,44,convergencia/SVR/CONV_H08/44,r099,models/convergence/SVR/N101/seed_42/model.joblib,models/convergence/SVR/N101/seed_42/scalers.joblib,False
r102,ANN,113,42,convergencia/ANN/CONV_H09/42,r102,models/convergence/ANN/N113/seed_42/model.keras,models/convergence/ANN/N113/seed_42/scalers.joblib,False
r103,ANN,113,43,convergencia/ANN/CONV_H09/43,r103,models/convergence/ANN/N113/seed_43/model.keras,models/convergence/ANN/N113/seed_43/scalers.joblib,False
r104,ANN,113,44,convergencia/ANN/CONV_H09/44,r104,models/convergence/ANN/N113/seed_44/model.keras,models/convergence/ANN/N113/seed_44/scalers.joblib,False
r105,SVR,113,42,convergencia/SVR/CONV_H09/42,r105,models/convergence/SVR/N113/seed_42/model.joblib,models/convergence/SVR/N113/seed_42/scalers.joblib,False
r106,SVR,113,43,convergencia/SVR/CONV_H09/43,r105,models/convergence/SVR/N113/seed_42/model.joblib,models/convergence/SVR/N113/seed_42/scalers.joblib,False
r107,SVR,113,44,convergencia/SVR/CONV_H09/44,r105,models/convergence/SVR/N113/seed_42/model.joblib,models/convergence/SVR/N113/seed_42/scalers.joblib,False
r108,ANN,126,43,convergencia/ANN/CONV_H10/43,r108,models/convergence/ANN/N126/seed_43/model.keras,models/convergence/ANN/N126/seed_43/scalers.joblib,False
r109,ANN,126,44,convergencia/ANN/CONV_H10/44,r109,models/convergence/ANN/N126/seed_44/model.keras,models/convergence/ANN/N126/seed_44/scalers.joblib,False
r110,SVR,126,43,convergencia/SVR/CONV_H10/43,r048,models/principal/SVR/LHS126/model.joblib,models/principal/SVR/LHS126/scalers.joblib,False
r111,SVR,126,44,convergencia/SVR/CONV_H10/44,r048,models/principal/SVR/LHS126/model.joblib,models/principal/SVR/LHS126/scalers.joblib,False
